,schedule,time,precision,accuracy
0,Geom,2.2238306999206543,0.5453686200378072,0.5589101620029455
1,Exp,2.0865063667297363,0.6505139500734214,0.6391752577319587
2,Arith,2.187443494796753,0.6524590163934426,0.6251840942562592
