,kernel,probability,time,accuracy,precision,recall
0,linear,True,35.68373227119446,0.9014218009478673,0.7333333333333333,0.034482758620689655
1,linear,False,8.279414415359497,0.9014218009478673,0.7333333333333333,0.034482758620689655
2,poly,True,20.658676385879517,0.9053712480252765,0.6010362694300518,0.18181818181818182
3,poly,False,4.238203287124634,0.9053712480252765,0.6010362694300518,0.18181818181818182
4,rbf,True,28.24393343925476,0.9069510268562401,0.6368715083798883,0.1786833855799373
5,rbf,False,4.045516490936279,0.9069510268562401,0.6368715083798883,0.1786833855799373
6,sigmoid,True,26.548563241958618,0.855134281200632,0.27463651050080773,0.2664576802507837
7,sigmoid,False,5.819883346557617,0.855134281200632,0.27463651050080773,0.2664576802507837
